,Mês,Supervisor,Total_Vendido,Quantidade_Vendas
0,2025-08,Alexia,14834.5,5
1,2025-08,Ana Beatriz,10347.02,4
2,2025-08,Joaquim,22512.690000000002,7
3,2025-09,Alexia,27607.34,6
4,2025-09,Ana Beatriz,14425.48,5
5,2025-09,Joaquim,13822.83,3
6,2025-10,Alexia,24631.89,6
7,2025-10,Ana Beatriz,24889.57,7
8,2025-10,Joaquim,25738.120000000003,7
