,Mês,Categoria,Total_Vendido,Quantidade_Vendas
0,2025-08,Alimentação,7962.46,3
1,2025-08,Bebidas,17539.52,5
2,2025-08,Higiene,13718.24,6
3,2025-08,Limpeza,8473.99,2
4,2025-09,Alimentação,6959.889999999999,3
5,2025-09,Bebidas,23060.4,6
6,2025-09,Higiene,11246.11,2
7,2025-09,Limpeza,14589.25,3
8,2025-10,Alimentação,18371.93,4
9,2025-10,Bebidas,21730.489999999998,5
10,2025-10,Higiene,6086.23,3
11,2025-10,Limpeza,29070.93,8
