,Estado,Total Vendas
0,BA,19069.579999999998
1,MG,29400.68
2,PE,30635.98
3,PR,17585.03
4,RJ,23564.31
5,RS,13709.67
6,SC,15212.099999999999
7,SP,29632.09
